{
  "totalTime": 958128.4459999999,
  "totalFiles": 92,
  "operationTimes": {
    "createSourceFile": {
      "totalTime": 524299.4929999999,
      "count": 92,
      "averageTime": 5698.907532608695
    },
    "findSourceFile": {
      "totalTime": 2156343.1039999994,
      "count": 29,
      "averageTime": 74356.65875862067
    },
    "resolveModuleNamesWorker": {
      "totalTime": 21958.918999999936,
      "count": 3,
      "averageTime": 7319.639666666645
    },
    "processRootFiles": {
      "totalTime": 369173.988,
      "count": 1,
      "averageTime": 369173.988
    },
    "resolveLibrary": {
      "totalTime": 859.1130000000121,
      "count": 2,
      "averageTime": 429.55650000000605
    },
    "createProgram": {
      "totalTime": 682099.9010000001,
      "count": 1,
      "averageTime": 682099.9010000001
    },
    "bindSourceFile": {
      "totalTime": 240248.0029999992,
      "count": 92,
      "averageTime": 2611.391336956513
    }
  },
  "categoryTimes": {
    "parse": {
      "totalTime": 524299.4929999999,
      "count": 92,
      "averageTime": 5698.907532608695
    },
    "program": {
      "totalTime": 3230435.025,
      "count": 36,
      "averageTime": 89734.30625
    },
    "bind": {
      "totalTime": 240248.0029999992,
      "count": 92,
      "averageTime": 2611.391336956513
    }
  },
  "slowestFiles": [
    {
      "path": "/home/michael/Projects/example-monorepo/node_modules/.pnpm/typescript@5.8.2/node_modules/typescript/lib/lib.dom.d.ts",
      "totalTime": 448224.06200000003,
      "operations": {
        "createSourceFile": 165213.56900000002,
        "findSourceFile": 185114.201,
        "bindSourceFile": 97896.29200000002
      }
    },
    {
      "path": "/home/michael/Projects/example-monorepo/node_modules/.pnpm/@types+react@18.3.1/node_modules/@types/react/index.d.ts",
      "totalTime": 383158.87899999984,
      "operations": {
        "createSourceFile": 97945.06499999997,
        "findSourceFile": 263236.93200000003,
        "bindSourceFile": 21976.881999999867
      }
    },
    {
      "path": "/home/michael/Projects/example-monorepo/components/fancy-button/src/FancyButton.tsx",
      "totalTime": 369205.6270000001,
      "operations": {
        "createSourceFile": 8010.741999999998,
        "findSourceFile": 358683.1560000001,
        "bindSourceFile": 2511.7290000000503
      }
    },
    {
      "path": "/home/michael/Projects/example-monorepo/node_modules/.pnpm/csstype@3.1.3/node_modules/csstype/index.d.ts",
      "totalTime": 331464.4200000002,
      "operations": {
        "createSourceFile": 140623.88800000004,
        "findSourceFile": 152340.619,
        "bindSourceFile": 38499.913000000175
      }
    },
    {
      "path": "/home/michael/Projects/example-monorepo/node_modules/.pnpm/@types+react@18.3.1/node_modules/@types/react/jsx-runtime.d.ts",
      "totalTime": 276064.1249999999,
      "operations": {
        "createSourceFile": 3726.436000000016,
        "findSourceFile": 271934.13300000003,
        "bindSourceFile": 403.5559999998659
      }
    },
    {
      "path": "/home/michael/Projects/example-monorepo/node_modules/.pnpm/typescript@5.8.2/node_modules/typescript/lib/lib.esnext.d.ts",
      "totalTime": 106527.75100000005,
      "operations": {
        "createSourceFile": 281.9110000000801,
        "findSourceFile": 106199.72899999993,
        "bindSourceFile": 46.11100000003353
      }
    },
    {
      "path": "/home/michael/Projects/example-monorepo/node_modules/.pnpm/@types+react@18.3.3/node_modules/@types/react/index.d.ts",
      "totalTime": 99146.42600000004,
      "operations": {
        "createSourceFile": 36529.368000000075,
        "findSourceFile": 45274.42599999998,
        "bindSourceFile": 17342.631999999983
      }
    },
    {
      "path": "/home/michael/Projects/example-monorepo/node_modules/.pnpm/typescript@5.8.2/node_modules/typescript/lib/lib.es2024.d.ts",
      "totalTime": 95935.90099999984,
      "operations": {
        "createSourceFile": 194.10999999986961,
        "findSourceFile": 95698.50100000005,
        "bindSourceFile": 43.28999999992084
      }
    },
    {
      "path": "/home/michael/Projects/example-monorepo/node_modules/.pnpm/typescript@5.8.2/node_modules/typescript/lib/lib.es2023.d.ts",
      "totalTime": 90344.64500000002,
      "operations": {
        "createSourceFile": 156.94899999990594,
        "findSourceFile": 90145.69800000009,
        "bindSourceFile": 41.99800000002142
      }
    },
    {
      "path": "/home/michael/Projects/example-monorepo/node_modules/.pnpm/typescript@5.8.2/node_modules/typescript/lib/lib.es2022.d.ts",
      "totalTime": 85855.97400000016,
      "operations": {
        "createSourceFile": 221.65400000009686,
        "findSourceFile": 85599.43700000003,
        "bindSourceFile": 34.883000000030734
      }
    }
  ],
  "filesByType": {
    "ts": 210,
    "tsx": 3
  },
  "moduleResolution": {
    "totalTime": 21958.918999999936,
    "totalCount": 3,
    "averageTime": 7319.639666666645
  }
}